sku_id,horizon_week,forecast_units
NB-BAT-BAT-035,1,29.58
NB-BAT-BAT-035,2,29.86
NB-BAT-BAT-035,3,29.86
NB-BAT-BAT-035,4,29.75
NB-BAT-BAT-035,5,29.75
NB-BAT-BAT-035,6,29.99
NB-BAT-BAT-035,7,29.85
NB-BAT-BAT-035,8,29.85
NB-BAT-BAT-036,1,28.03
NB-BAT-BAT-036,2,28.03
NB-BAT-BAT-036,3,28.03
NB-BAT-BAT-036,4,27.91
NB-BAT-BAT-036,5,27.91
NB-BAT-BAT-036,6,27.91
NB-BAT-BAT-036,7,27.91
NB-BAT-BAT-036,8,27.91
NB-BAT-DIS-037,1,27.97
NB-BAT-DIS-037,2,28.25
NB-BAT-DIS-037,3,28.25
NB-BAT-DIS-037,4,28.25
NB-BAT-DIS-037,5,28.25
NB-BAT-DIS-037,6,28.21
NB-BAT-DIS-037,7,28.21
NB-BAT-DIS-037,8,28.21
NB-BAT-DIS-038,1,27.57
NB-BAT-DIS-038,2,27.77
NB-BAT-DIS-038,3,27.77
NB-BAT-DIS-038,4,27.65
NB-BAT-DIS-038,5,27.65
NB-BAT-DIS-038,6,27.61
NB-BAT-DIS-038,7,27.61
NB-BAT-DIS-038,8,27.61
NB-BAT-ROB-039,1,27.82
NB-BAT-ROB-039,2,27.82
NB-BAT-ROB-039,3,27.82
NB-BAT-ROB-039,4,27.82
NB-BAT-ROB-039,5,27.82
NB-BAT-ROB-039,6,27.69
NB-BAT-ROB-039,7,27.69
NB-BAT-ROB-039,8,27.69
NB-BAT-ROB-040,1,27.84
NB-BAT-ROB-040,2,28.03
NB-BAT-ROB-040,3,28.03
NB-BAT-ROB-040,4,27.92
NB-BAT-ROB-040,5,27.92
NB-BAT-ROB-040,6,27.87
NB-BAT-ROB-040,7,27.87
NB-BAT-ROB-040,8,27.87
NB-BAT-TOW-033,1,27.52
NB-BAT-TOW-033,2,27.72
NB-BAT-TOW-033,3,27.72
NB-BAT-TOW-033,4,27.6
NB-BAT-TOW-033,5,27.6
NB-BAT-TOW-033,6,27.56
NB-BAT-TOW-033,7,27.56
NB-BAT-TOW-033,8,27.56
NB-BAT-TOW-034,1,28.82
NB-BAT-TOW-034,2,29.01
NB-BAT-TOW-034,3,29.01
NB-BAT-TOW-034,4,28.9
NB-BAT-TOW-034,5,28.9
NB-BAT-TOW-034,6,28.76
NB-BAT-TOW-034,7,28.76
NB-BAT-TOW-034,8,28.76
NB-BED-BED-013,1,27.18
NB-BED-BED-013,2,27.46
NB-BED-BED-013,3,27.46
NB-BED-BED-013,4,27.35
NB-BED-BED-013,5,27.35
NB-BED-BED-013,6,27.3
NB-BED-BED-013,7,27.3
NB-BED-BED-013,8,27.3
NB-BED-BED-014,1,27.2
NB-BED-BED-014,2,27.2
NB-BED-BED-014,3,27.2
NB-BED-BED-014,4,27.09
NB-BED-BED-014,5,27.09
NB-BED-BED-014,6,26.95
NB-BED-BED-014,7,26.95
NB-BED-BED-014,8,26.95
NB-BED-BED-015,1,27.11
NB-BED-BED-015,2,27.19
NB-BED-BED-015,3,27.0
NB-BED-BED-015,4,27.0
NB-BED-BED-015,5,27.0
NB-BED-BED-015,6,27.25
NB-BED-BED-015,7,27.25
NB-BED-BED-015,8,27.25
NB-BED-BLA-022,1,27.82
NB-BED-BLA-022,2,28.01
NB-BED-BLA-022,3,28.01
NB-BED-BLA-022,4,27.9
NB-BED-BLA-022,5,27.9
NB-BED-BLA-022,6,28.14
NB-BED-BLA-022,7,28.14
NB-BED-BLA-022,8,28.14
NB-BED-BLA-023,1,27.9
NB-BED-BLA-023,2,27.99
NB-BED-BLA-023,3,27.99
NB-BED-BLA-023,4,27.99
NB-BED-BLA-023,5,27.99
NB-BED-BLA-023,6,28.15
NB-BED-BLA-023,7,28.15
NB-BED-BLA-023,8,28.15
NB-BED-BLA-024,1,27.62
NB-BED-BLA-024,2,27.7
NB-BED-BLA-024,3,27.7
NB-BED-BLA-024,4,27.59
NB-BED-BLA-024,5,27.59
NB-BED-BLA-024,6,27.83
NB-BED-BLA-024,7,27.94
NB-BED-BLA-024,8,27.94
NB-BED-DUV-016,1,29.45
NB-BED-DUV-016,2,29.73
NB-BED-DUV-016,3,29.54
NB-BED-DUV-016,4,29.54
NB-BED-DUV-016,5,29.54
NB-BED-DUV-016,6,29.5
NB-BED-DUV-016,7,29.05
NB-BED-DUV-016,8,29.05
NB-BED-DUV-017,1,27.14
NB-BED-DUV-017,2,27.43
NB-BED-DUV-017,3,27.43
NB-BED-DUV-017,4,27.31
NB-BED-DUV-017,5,27.31
NB-BED-DUV-017,6,27.55
NB-BED-DUV-017,7,27.55
NB-BED-DUV-017,8,27.55
NB-BED-DUV-018,1,26.87
NB-BED-DUV-018,2,26.87
NB-BED-DUV-018,3,26.87
NB-BED-DUV-018,4,26.87
NB-BED-DUV-018,5,26.87
NB-BED-DUV-018,6,26.74
NB-BED-DUV-018,7,26.74
NB-BED-DUV-018,8,26.74
NB-BED-PIL-019,1,27.61
NB-BED-PIL-019,2,27.61
NB-BED-PIL-019,3,27.61
NB-BED-PIL-019,4,27.5
NB-BED-PIL-019,5,27.5
NB-BED-PIL-019,6,27.74
NB-BED-PIL-019,7,27.74
NB-BED-PIL-019,8,27.74
NB-BED-PIL-020,1,27.06
NB-BED-PIL-020,2,27.26
NB-BED-PIL-020,3,27.26
NB-BED-PIL-020,4,27.14
NB-BED-PIL-020,5,27.14
NB-BED-PIL-020,6,27.39
NB-BED-PIL-020,7,27.39
NB-BED-PIL-020,8,27.39
NB-BED-PIL-021,1,28.32
NB-BED-PIL-021,2,28.32
NB-BED-PIL-021,3,28.32
NB-BED-PIL-021,4,28.21
NB-BED-PIL-021,5,28.21
NB-BED-PIL-021,6,28.16
NB-BED-PIL-021,7,28.16
NB-BED-PIL-021,8,28.16
NB-HOM-CAN-007,1,27.81
NB-HOM-CAN-007,2,28.1
NB-HOM-CAN-007,3,28.1
NB-HOM-CAN-007,4,27.98
NB-HOM-CAN-007,5,27.98
NB-HOM-CAN-007,6,27.94
NB-HOM-CAN-007,7,27.94
NB-HOM-CAN-007,8,27.94
NB-HOM-CAN-008,1,27.52
NB-HOM-CAN-008,2,27.81
NB-HOM-CAN-008,3,27.81
NB-HOM-CAN-008,4,27.69
NB-HOM-CAN-008,5,27.69
NB-HOM-CAN-008,6,27.94
NB-HOM-CAN-008,7,27.94
NB-HOM-CAN-008,8,27.94
NB-HOM-CAN-009,1,26.69
NB-HOM-CAN-009,2,26.69
NB-HOM-CAN-009,3,26.69
NB-HOM-CAN-009,4,26.69
NB-HOM-CAN-009,5,26.69
NB-HOM-CAN-009,6,26.65
NB-HOM-CAN-009,7,26.65
NB-HOM-CAN-009,8,26.65
NB-HOM-CUS-010,1,27.32
NB-HOM-CUS-010,2,27.32
NB-HOM-CUS-010,3,27.32
NB-HOM-CUS-010,4,27.2
NB-HOM-CUS-010,5,27.2
NB-HOM-CUS-010,6,27.16
NB-HOM-CUS-010,7,27.16
NB-HOM-CUS-010,8,27.16
NB-HOM-CUS-011,1,28.37
NB-HOM-CUS-011,2,28.37
NB-HOM-CUS-011,3,28.37
NB-HOM-CUS-011,4,28.37
NB-HOM-CUS-011,5,28.37
NB-HOM-CUS-011,6,28.33
NB-HOM-CUS-011,7,28.33
NB-HOM-CUS-011,8,28.33
NB-HOM-CUS-012,1,26.99
NB-HOM-CUS-012,2,26.99
NB-HOM-CUS-012,3,26.99
NB-HOM-CUS-012,4,26.87
NB-HOM-CUS-012,5,26.87
NB-HOM-CUS-012,6,26.83
NB-HOM-CUS-012,7,26.83
NB-HOM-CUS-012,8,26.83
NB-HOM-VAS-001,1,27.69
NB-HOM-VAS-001,2,27.69
NB-HOM-VAS-001,3,27.69
NB-HOM-VAS-001,4,27.69
NB-HOM-VAS-001,5,27.69
NB-HOM-VAS-001,6,27.64
NB-HOM-VAS-001,7,27.64
NB-HOM-VAS-001,8,27.64
NB-HOM-VAS-002,1,27.35
NB-HOM-VAS-002,2,27.35
NB-HOM-VAS-002,3,27.35
NB-HOM-VAS-002,4,27.35
NB-HOM-VAS-002,5,27.35
NB-HOM-VAS-002,6,27.21
NB-HOM-VAS-002,7,27.21
NB-HOM-VAS-002,8,27.21
NB-HOM-VAS-003,1,27.35
NB-HOM-VAS-003,2,27.35
NB-HOM-VAS-003,3,27.35
NB-HOM-VAS-003,4,27.23
NB-HOM-VAS-003,5,27.23
NB-HOM-VAS-003,6,27.1
NB-HOM-VAS-003,7,27.1
NB-HOM-VAS-003,8,27.1
NB-HOM-WAL-004,1,27.7
NB-HOM-WAL-004,2,27.7
NB-HOM-WAL-004,3,27.7
NB-HOM-WAL-004,4,27.58
NB-HOM-WAL-004,5,27.58
NB-HOM-WAL-004,6,27.54
NB-HOM-WAL-004,7,27.54
NB-HOM-WAL-004,8,27.54
NB-HOM-WAL-005,1,28.42
NB-HOM-WAL-005,2,28.5
NB-HOM-WAL-005,3,28.31
NB-HOM-WAL-005,4,28.31
NB-HOM-WAL-005,5,28.31
NB-HOM-WAL-005,6,28.56
NB-HOM-WAL-005,7,28.56
NB-HOM-WAL-005,8,28.56
NB-HOM-WAL-006,1,27.11
NB-HOM-WAL-006,2,27.39
NB-HOM-WAL-006,3,27.39
NB-HOM-WAL-006,4,27.39
NB-HOM-WAL-006,5,27.39
NB-HOM-WAL-006,6,27.64
NB-HOM-WAL-006,7,27.64
NB-HOM-WAL-006,8,27.64
NB-KIT-CUT-029,1,27.48
NB-KIT-CUT-029,2,27.48
NB-KIT-CUT-029,3,27.48
NB-KIT-CUT-029,4,27.48
NB-KIT-CUT-029,5,27.48
NB-KIT-CUT-029,6,27.44
NB-KIT-CUT-029,7,27.44
NB-KIT-CUT-029,8,27.44
NB-KIT-CUT-030,1,27.2
NB-KIT-CUT-030,2,27.29
NB-KIT-CUT-030,3,27.29
NB-KIT-CUT-030,4,27.17
NB-KIT-CUT-030,5,27.17
NB-KIT-CUT-030,6,27.42
NB-KIT-CUT-030,7,27.42
NB-KIT-CUT-030,8,27.42
NB-KIT-DIN-025,1,27.16
NB-KIT-DIN-025,2,27.35
NB-KIT-DIN-025,3,27.35
NB-KIT-DIN-025,4,27.35
NB-KIT-DIN-025,5,27.35
NB-KIT-DIN-025,6,27.31
NB-KIT-DIN-025,7,27.31
NB-KIT-DIN-025,8,27.31
NB-KIT-DIN-026,1,27.51
NB-KIT-DIN-026,2,27.71
NB-KIT-DIN-026,3,27.71
NB-KIT-DIN-026,4,27.59
NB-KIT-DIN-026,5,27.59
NB-KIT-DIN-026,6,27.84
NB-KIT-DIN-026,7,27.84
NB-KIT-DIN-026,8,27.84
NB-KIT-GLA-027,1,27.05
NB-KIT-GLA-027,2,27.25
NB-KIT-GLA-027,3,27.25
NB-KIT-GLA-027,4,27.13
NB-KIT-GLA-027,5,27.13
NB-KIT-GLA-027,6,27.37
NB-KIT-GLA-027,7,27.37
NB-KIT-GLA-027,8,27.37
NB-KIT-GLA-028,1,28.5
NB-KIT-GLA-028,2,28.5
NB-KIT-GLA-028,3,28.5
NB-KIT-GLA-028,4,28.39
NB-KIT-GLA-028,5,28.39
NB-KIT-GLA-028,6,28.34
NB-KIT-GLA-028,7,28.34
NB-KIT-GLA-028,8,28.34
NB-KIT-TAB-031,1,27.74
NB-KIT-TAB-031,2,27.94
NB-KIT-TAB-031,3,27.94
NB-KIT-TAB-031,4,27.94
NB-KIT-TAB-031,5,27.94
NB-KIT-TAB-031,6,27.9
NB-KIT-TAB-031,7,27.9
NB-KIT-TAB-031,8,27.9
NB-KIT-TAB-032,1,28.34
NB-KIT-TAB-032,2,28.34
NB-KIT-TAB-032,3,28.34
NB-KIT-TAB-032,4,28.23
NB-KIT-TAB-032,5,28.23
NB-KIT-TAB-032,6,28.09
NB-KIT-TAB-032,7,28.09
NB-KIT-TAB-032,8,28.09
